candidate_id,headline,summary,skills,score
CAND_0083615,"Backend Engineer | SQL, Spark, Cloud","Software / data professional with 3.6 years of experience building data pipelines, backend systems, and analytics infrastructure. I'm a backend/data hybrid — Spark, Airflow, SQL warehouses are home territory; I'm building competence on the ML side. My toolkit is solid on the data engineering side — Python, SQL, Spark, Airflow, warehouse design — and I've completed a couple of self-directed ML projects (Kaggle competitions, side projects fine-tuning small models). Interested in transitioning toward more AI/ML-focused work, ideally at a company where I can leverage my existing data-infra skills while learning modern ML practice.","['Flask' 'Next.js' 'Image Classification' 'OpenCV' 'LlamaIndex' 'FastAPI'
 'Time Series' 'BentoML' 'ASR' 'Node.js' 'PostgreSQL'
 'Feature Engineering' 'Elasticsearch' 'Six Sigma' 'React']",0.6865091
CAND_0086364,"Backend Engineer | SQL, Spark, Cloud","Software / data professional with 7.1 years of experience building data pipelines, backend systems, and analytics infrastructure. I'm a backend/data hybrid — Spark, Airflow, SQL warehouses are home territory; I'm building competence on the ML side. My toolkit is solid on the data engineering side — Python, SQL, Spark, Airflow, warehouse design — and I've completed a couple of self-directed ML projects (Kaggle competitions, side projects fine-tuning small models). Interested in transitioning toward more AI/ML-focused work, ideally at a company where I can leverage my existing data-infra skills while learning modern ML practice.","['Marketing' 'Terraform' 'LangChain' 'Feature Engineering'
 'Diffusion Models' 'Pinecone' 'Information Retrieval' 'MongoDB'
 'Time Series' 'Hadoop' 'PEFT' 'Apache Beam' 'AWS']",0.6839489
CAND_0079845,"Backend Engineer | SQL, Spark, Cloud","Software / data professional with 6.1 years of experience building data pipelines, backend systems, and analytics infrastructure. Started my career in backend engineering and gradually moved closer to data — first dashboards, then ETL, now some basic ML. My toolkit is solid on the data engineering side — Python, SQL, Spark, Airflow, warehouse design — and I've completed a couple of self-directed ML projects (Kaggle competitions, side projects fine-tuning small models). Interested in transitioning toward more AI/ML-focused work, ideally at a company where I can leverage my existing data-infra skills while learning modern ML practice.","['Terraform' 'Scrum' 'OpenCV' 'TensorFlow' 'FastAPI' 'Weights & Biases'
 'Redux' 'ETL' 'Kubeflow' 'ASR' 'Elasticsearch' 'BentoML' 'Webpack'
 'MLOps']",0.68390936
CAND_0057101,"Backend Engineer | SQL, Spark, Cloud","Software / data professional with 6.6 years of experience building data pipelines, backend systems, and analytics infrastructure. Started my career in backend engineering and gradually moved closer to data — first dashboards, then ETL, now some basic ML. My toolkit is solid on the data engineering side — Python, SQL, Spark, Airflow, warehouse design — and I've completed a couple of self-directed ML projects (Kaggle competitions, side projects fine-tuning small models). Interested in transitioning toward more AI/ML-focused work, ideally at a company where I can leverage my existing data-infra skills while learning modern ML practice.","['Rust' 'Kafka' 'OpenCV' 'Vue.js' 'Kubeflow' 'Hugging Face Transformers'
 'Flask' 'PostgreSQL' 'scikit-learn' 'React' 'MLOps' 'Speech Recognition'
 'CNN' 'YOLO']",0.68339217
CAND_0028421,Cloud Engineer | Backend systems & APIs,"Software engineer with 7.1 years of experience across web, backend, and cloud systems. Strong fundamentals in software development and system design. My background is full-stack, but my comfort zone is the backend and the database. I've been keeping up with AI/ML at a self-learner level — taken some online courses, played with the OpenAI and Anthropic APIs, built a small RAG side project — but I haven't done it in a professional capacity yet. Open to roles where I can either deepen my software engineering work or, if the team is open to it, start contributing to ML-adjacent systems.","['Spark' 'Django' 'AWS' 'Redux' 'GraphQL' 'Flask' 'TTS' 'Marketing'
 'Databricks' 'Reinforcement Learning' 'React' 'Angular' 'Java'
 'Photoshop']",0.68321735
CAND_0055537,"Backend Engineer | SQL, Spark, Cloud","Software / data professional with 2.6 years of experience building data pipelines, backend systems, and analytics infrastructure. Started my career in backend engineering and gradually moved closer to data — first dashboards, then ETL, now some basic ML. My toolkit is solid on the data engineering side — Python, SQL, Spark, Airflow, warehouse design — and I've completed a couple of self-directed ML projects (Kaggle competitions, side projects fine-tuning small models). Interested in transitioning toward more AI/ML-focused work, ideally at a company where I can leverage my existing data-infra skills while learning modern ML practice.","['PostgreSQL' 'Diffusion Models' 'ASR' 'Microservices' 'Photoshop' 'CNN'
 'Rust' 'Data Pipelines' 'Computer Vision' 'OpenSearch' 'TensorFlow' 'TTS'
 'LangChain' 'GANs' 'Fine-tuning LLMs' 'Kubeflow' 'Spring Boot']",0.6822104
CAND_0004380,"Backend Engineer | SQL, Spark, Cloud","Software / data professional with 2.0 years of experience building data pipelines, backend systems, and analytics infrastructure. I'm a backend/data hybrid — Spark, Airflow, SQL warehouses are home territory; I'm building competence on the ML side. My toolkit is solid on the data engineering side — Python, SQL, Spark, Airflow, warehouse design — and I've completed a couple of self-directed ML projects (Kaggle competitions, side projects fine-tuning small models). Interested in transitioning toward more AI/ML-focused work, ideally at a company where I can leverage my existing data-infra skills while learning modern ML practice.","['Reinforcement Learning' 'Node.js' 'LangChain' 'Sentence Transformers'
 'Illustrator' 'MLflow' 'Semantic Search' 'Django' 'Go' 'CNN' 'Snowflake'
 'AWS' 'BigQuery' 'Python']",0.6813886
CAND_0005632,"Backend Engineer | SQL, Spark, Cloud","Software / data professional with 5.6 years of experience building data pipelines, backend systems, and analytics infrastructure. Started my career in backend engineering and gradually moved closer to data — first dashboards, then ETL, now some basic ML. My toolkit is solid on the data engineering side — Python, SQL, Spark, Airflow, warehouse design — and I've completed a couple of self-directed ML projects (Kaggle competitions, side projects fine-tuning small models). Interested in transitioning toward more AI/ML-focused work, ideally at a company where I can leverage my existing data-infra skills while learning modern ML practice.","['GANs' 'Scrum' 'JavaScript' 'MLflow' 'scikit-learn' 'Pinecone'
 'OpenSearch' 'Kubernetes' 'Webpack' 'Time Series' 'Forecasting' 'YOLO'
 'Marketing' 'Object Detection' 'Illustrator' 'Elasticsearch']",0.6808591
CAND_0038599,"Backend Engineer | SQL, Spark, Cloud","Software / data professional with 4.9 years of experience building data pipelines, backend systems, and analytics infrastructure. I'm a backend/data hybrid — Spark, Airflow, SQL warehouses are home territory; I'm building competence on the ML side. My toolkit is solid on the data engineering side — Python, SQL, Spark, Airflow, warehouse design — and I've completed a couple of self-directed ML projects (Kaggle competitions, side projects fine-tuning small models). Interested in transitioning toward more AI/ML-focused work, ideally at a company where I can leverage my existing data-infra skills while learning modern ML practice.","['PyTorch' 'YOLO' 'MLflow' 'Data Science' 'Project Management' 'SAP'
 'LangChain' 'REST APIs' 'CNN' 'Weights & Biases' 'Machine Learning'
 'Vue.js' 'TensorFlow' 'Rust' 'Computer Vision' 'Node.js' 'JavaScript'
 'Diffusion Models' 'Sales']",0.680526
CAND_0049305,"Backend Engineer | SQL, Spark, Cloud","Software / data professional with 4.3 years of experience building data pipelines, backend systems, and analytics infrastructure. I'm a backend/data hybrid — Spark, Airflow, SQL warehouses are home territory; I'm building competence on the ML side. My toolkit is solid on the data engineering side — Python, SQL, Spark, Airflow, warehouse design — and I've completed a couple of self-directed ML projects (Kaggle competitions, side projects fine-tuning small models). Interested in transitioning toward more AI/ML-focused work, ideally at a company where I can leverage my existing data-infra skills while learning modern ML practice.","['Data Science' 'PyTorch' 'Haystack' 'Terraform' 'Weights & Biases'
 'MLflow' 'CI/CD' 'YOLO' 'JavaScript' 'ASR' 'Docker' 'Sales' 'Angular'
 'Vector Search' 'Hugging Face Transformers']",0.68017215
CAND_0070430,"Backend Engineer | SQL, Spark, Cloud","Software / data professional with 7.5 years of experience building data pipelines, backend systems, and analytics infrastructure. Started my career in backend engineering and gradually moved closer to data — first dashboards, then ETL, now some basic ML. My toolkit is solid on the data engineering side — Python, SQL, Spark, Airflow, warehouse design — and I've completed a couple of self-directed ML projects (Kaggle competitions, side projects fine-tuning small models). Interested in transitioning toward more AI/ML-focused work, ideally at a company where I can leverage my existing data-infra skills while learning modern ML practice.","['GraphQL' 'Forecasting' 'Kubeflow' 'Flask' 'Learning to Rank'
 'Databricks' 'scikit-learn' 'Next.js' 'Salesforce CRM' 'TypeScript'
 'Semantic Search' 'Kafka' 'Statistical Modeling' 'REST APIs'
 'Machine Learning']",0.67951655
CAND_0047816,"Backend Engineer | SQL, Spark, Cloud","Software / data professional with 5.4 years of experience building data pipelines, backend systems, and analytics infrastructure. Started my career in backend engineering and gradually moved closer to data — first dashboards, then ETL, now some basic ML. My toolkit is solid on the data engineering side — Python, SQL, Spark, Airflow, warehouse design — and I've completed a couple of self-directed ML projects (Kaggle competitions, side projects fine-tuning small models). Interested in transitioning toward more AI/ML-focused work, ideally at a company where I can leverage my existing data-infra skills while learning modern ML practice.","['Data Science' 'MLflow' 'BentoML' 'Spark' 'Salesforce CRM' 'Terraform'
 'Sales' 'Excel' 'ASR' 'Qdrant' 'Accounting' 'YOLO' 'Docker' 'TTS'
 'Spring Boot']",0.67860544
CAND_0017787,"Backend Engineer | SQL, Spark, Cloud","Software / data professional with 5.4 years of experience building data pipelines, backend systems, and analytics infrastructure. Started my career in backend engineering and gradually moved closer to data — first dashboards, then ETL, now some basic ML. My toolkit is solid on the data engineering side — Python, SQL, Spark, Airflow, warehouse design — and I've completed a couple of self-directed ML projects (Kaggle competitions, side projects fine-tuning small models). Interested in transitioning toward more AI/ML-focused work, ideally at a company where I can leverage my existing data-infra skills while learning modern ML practice.","['TTS' 'Information Retrieval' 'Accounting' 'Docker' 'Vue.js'
 'Data Science' 'Speech Recognition' 'Statistical Modeling'
 'Object Detection' 'Hugging Face Transformers' 'Prompt Engineering' 'CNN'
 'Machine Learning' 'Flask' 'Rust' 'REST APIs' 'Next.js']",0.67837304
CAND_0064803,"Backend Engineer | SQL, Spark, Cloud","Software / data professional with 5.2 years of experience building data pipelines, backend systems, and analytics infrastructure. Started my career in backend engineering and gradually moved closer to data — first dashboards, then ETL, now some basic ML. My toolkit is solid on the data engineering side — Python, SQL, Spark, Airflow, warehouse design — and I've completed a couple of self-directed ML projects (Kaggle competitions, side projects fine-tuning small models). Interested in transitioning toward more AI/ML-focused work, ideally at a company where I can leverage my existing data-infra skills while learning modern ML practice.","['Recommendation Systems' 'Speech Recognition' 'Spark' 'Flask'
 'scikit-learn' 'Machine Learning' 'Databricks' 'Object Detection'
 'LlamaIndex' 'OpenCV' 'Docker' 'React']",0.6780269
CAND_0088285,"Backend Engineer | SQL, Spark, Cloud","Software / data professional with 6.4 years of experience building data pipelines, backend systems, and analytics infrastructure. Started my career in backend engineering and gradually moved closer to data — first dashboards, then ETL, now some basic ML. My toolkit is solid on the data engineering side — Python, SQL, Spark, Airflow, warehouse design — and I've completed a couple of self-directed ML projects (Kaggle competitions, side projects fine-tuning small models). Interested in transitioning toward more AI/ML-focused work, ideally at a company where I can leverage my existing data-infra skills while learning modern ML practice.","['LangChain' 'Statistical Modeling' 'MLOps' 'JavaScript' 'Vue.js'
 'PostgreSQL' 'Forecasting']",0.6769344
CAND_0029165,Cloud Engineer | Backend systems & APIs,"Software engineer with 3.9 years of experience across web, backend, and cloud systems. Strong fundamentals in software development and system design. I've spent most of my career on web and API development — Python/Django and Node.js mostly. I've been keeping up with AI/ML at a self-learner level — taken some online courses, played with the OpenAI and Anthropic APIs, built a small RAG side project — but I haven't done it in a professional capacity yet. Open to roles where I can either deepen my software engineering work or, if the team is open to it, start contributing to ML-adjacent systems.","['Spark' 'Accounting' 'Java' 'Data Pipelines' 'HTML' 'Hadoop' 'TypeScript'
 'LangChain' 'Terraform' 'Sales' 'CSS']",0.6765163
CAND_0044753,"Backend Engineer | SQL, Spark, Cloud","Software / data professional with 5.6 years of experience building data pipelines, backend systems, and analytics infrastructure. Started my career in backend engineering and gradually moved closer to data — first dashboards, then ETL, now some basic ML. My toolkit is solid on the data engineering side — Python, SQL, Spark, Airflow, warehouse design — and I've completed a couple of self-directed ML projects (Kaggle competitions, side projects fine-tuning small models). Interested in transitioning toward more AI/ML-focused work, ideally at a company where I can leverage my existing data-infra skills while learning modern ML practice.","['Recommendation Systems' 'Azure' 'JavaScript' 'Terraform' 'Time Series'
 'ASR' 'Computer Vision' 'YOLO' 'Go' 'Excel' 'Django'
 'Information Retrieval' 'Kubernetes' 'OpenCV' 'Qdrant' 'Deep Learning'
 'BigQuery']",0.6764553
CAND_0091559,Cloud Engineer | Backend systems & APIs,"Software engineer with 7.0 years of experience across web, backend, and cloud systems. Strong fundamentals in software development and system design. I've spent most of my career on web and API development — Python/Django and Node.js mostly. I've been keeping up with AI/ML at a self-learner level — taken some online courses, played with the OpenAI and Anthropic APIs, built a small RAG side project — but I haven't done it in a professional capacity yet. Open to roles where I can either deepen my software engineering work or, if the team is open to it, start contributing to ML-adjacent systems.","['MongoDB' 'Databricks' 'Spring Boot' 'Marketing' 'Node.js' 'AWS'
 'Embeddings' 'Flask' 'CI/CD' 'Snowflake' 'FastAPI' 'SQL' 'Figma' 'MLOps']",0.6755927
CAND_0011120,"Backend Engineer | SQL, Spark, Cloud","Software / data professional with 3.1 years of experience building data pipelines, backend systems, and analytics infrastructure. Started my career in backend engineering and gradually moved closer to data — first dashboards, then ETL, now some basic ML. My toolkit is solid on the data engineering side — Python, SQL, Spark, Airflow, warehouse design — and I've completed a couple of self-directed ML projects (Kaggle competitions, side projects fine-tuning small models). Interested in transitioning toward more AI/ML-focused work, ideally at a company where I can leverage my existing data-infra skills while learning modern ML practice.","['Java' 'Redux' 'Time Series' 'pgvector' 'Docker' 'Hadoop' 'Kubernetes'
 'Airflow' 'MLOps' 'Reinforcement Learning' 'Weights & Biases' 'Tailwind']",0.6751885
CAND_0046231,"Backend Engineer | SQL, Spark, Cloud","Software / data professional with 7.4 years of experience building data pipelines, backend systems, and analytics infrastructure. I'm a backend/data hybrid — Spark, Airflow, SQL warehouses are home territory; I'm building competence on the ML side. My toolkit is solid on the data engineering side — Python, SQL, Spark, Airflow, warehouse design — and I've completed a couple of self-directed ML projects (Kaggle competitions, side projects fine-tuning small models). Interested in transitioning toward more AI/ML-focused work, ideally at a company where I can leverage my existing data-infra skills while learning modern ML practice.","['ETL' 'Weaviate' 'MLOps' 'Azure' 'Computer Vision' 'Object Detection'
 'Terraform' 'dbt' 'Feature Engineering' 'ASR' 'Django' 'Rust']",0.67474663
CAND_0030522,"Backend Engineer | SQL, Spark, Cloud","Software / data professional with 6.6 years of experience building data pipelines, backend systems, and analytics infrastructure. Started my career in backend engineering and gradually moved closer to data — first dashboards, then ETL, now some basic ML. My toolkit is solid on the data engineering side — Python, SQL, Spark, Airflow, warehouse design — and I've completed a couple of self-directed ML projects (Kaggle competitions, side projects fine-tuning small models). Interested in transitioning toward more AI/ML-focused work, ideally at a company where I can leverage my existing data-infra skills while learning modern ML practice.","['BentoML' 'Hadoop' 'Scrum' 'MLOps' 'Angular' 'Diffusion Models'
 'Kubeflow' 'Flask' 'Speech Recognition' 'PyTorch' 'Django']",0.67429686
CAND_0029053,"Backend Engineer | SQL, Spark, Cloud","Software / data professional with 8.0 years of experience building data pipelines, backend systems, and analytics infrastructure. Started my career in backend engineering and gradually moved closer to data — first dashboards, then ETL, now some basic ML. My toolkit is solid on the data engineering side — Python, SQL, Spark, Airflow, warehouse design — and I've completed a couple of self-directed ML projects (Kaggle competitions, side projects fine-tuning small models). Interested in transitioning toward more AI/ML-focused work, ideally at a company where I can leverage my existing data-infra skills while learning modern ML practice.","['JavaScript' 'BigQuery' 'Feature Engineering' 'Scrum' 'Python'
 'TensorFlow' 'Accounting' 'MLflow' 'OpenCV' 'Agile' 'Computer Vision'
 'Hugging Face Transformers']",0.6736703
CAND_0063205,Cloud Engineer | Backend systems & APIs,"Software engineer with 8.6 years of experience across web, backend, and cloud systems. Strong fundamentals in software development and system design. I've spent most of my career on web and API development — Python/Django and Node.js mostly. I've been keeping up with AI/ML at a self-learner level — taken some online courses, played with the OpenAI and Anthropic APIs, built a small RAG side project — but I haven't done it in a professional capacity yet. Open to roles where I can either deepen my software engineering work or, if the team is open to it, start contributing to ML-adjacent systems.","['Spark' 'Haystack' 'React' 'TypeScript' 'Agile' 'MongoDB' 'Kubernetes'
 'Flask' 'Sales' 'PostgreSQL' 'Spring Boot' 'Apache Flink'
 'Content Writing']",0.67358553
CAND_0033655,"Backend Engineer | SQL, Spark, Cloud","Software / data professional with 6.7 years of experience building data pipelines, backend systems, and analytics infrastructure. I'm a backend/data hybrid — Spark, Airflow, SQL warehouses are home territory; I'm building competence on the ML side. My toolkit is solid on the data engineering side — Python, SQL, Spark, Airflow, warehouse design — and I've completed a couple of self-directed ML projects (Kaggle competitions, side projects fine-tuning small models). Interested in transitioning toward more AI/ML-focused work, ideally at a company where I can leverage my existing data-infra skills while learning modern ML practice.","['MLflow' 'Python' 'Scrum' 'Vector Search' 'Spring Boot' 'YOLO' 'QLoRA'
 'Weights & Biases' 'MongoDB' 'PyTorch' 'Forecasting']",0.67330277
CAND_0001277,"Backend Engineer | SQL, Spark, Cloud","Software / data professional with 2.8 years of experience building data pipelines, backend systems, and analytics infrastructure. Started my career in backend engineering and gradually moved closer to data — first dashboards, then ETL, now some basic ML. My toolkit is solid on the data engineering side — Python, SQL, Spark, Airflow, warehouse design — and I've completed a couple of self-directed ML projects (Kaggle competitions, side projects fine-tuning small models). Interested in transitioning toward more AI/ML-focused work, ideally at a company where I can leverage my existing data-infra skills while learning modern ML practice.","['Microservices' 'Weaviate' 'Kafka' 'GANs' 'Salesforce CRM' 'YOLO'
 'Haystack' 'Object Detection' 'Weights & Biases' 'LoRA' 'Node.js'
 'Time Series' 'Webpack']",0.6728711
CAND_0054276,"Backend Engineer | SQL, Spark, Cloud","Software / data professional with 6.9 years of experience building data pipelines, backend systems, and analytics infrastructure. I'm a backend/data hybrid — Spark, Airflow, SQL warehouses are home territory; I'm building competence on the ML side. My toolkit is solid on the data engineering side — Python, SQL, Spark, Airflow, warehouse design — and I've completed a couple of self-directed ML projects (Kaggle competitions, side projects fine-tuning small models). Interested in transitioning toward more AI/ML-focused work, ideally at a company where I can leverage my existing data-infra skills while learning modern ML practice.","['FAISS' 'TTS' 'Qdrant' 'CI/CD' 'SQL' 'gRPC' 'Object Detection'
 'Spring Boot' 'LLMs' 'LangChain' 'GANs' 'Forecasting' 'Sales'
 'Accounting' 'JavaScript' 'Flask']",0.6726643
CAND_0077817,"Backend Engineer | SQL, Spark, Cloud","Software / data professional with 5.4 years of experience building data pipelines, backend systems, and analytics infrastructure. I've been the engineer who makes ML possible by getting the data pipelines right; now I want to do more of the ML itself. My toolkit is solid on the data engineering side — Python, SQL, Spark, Airflow, warehouse design — and I've completed a couple of self-directed ML projects (Kaggle competitions, side projects fine-tuning small models). Interested in transitioning toward more AI/ML-focused work, ideally at a company where I can leverage my existing data-infra skills while learning modern ML practice.","['Recommendation Systems' 'LangChain' 'Node.js' 'Project Management'
 'Computer Vision' 'FastAPI' 'OpenCV' 'Image Classification'
 'Object Detection' 'Reinforcement Learning' 'Hadoop' 'Vector Search'
 'Tailwind' 'Feature Engineering' 'Diffusion Models' 'Scrum' 'Python']",0.6724648
CAND_0068195,"Backend Engineer | SQL, Spark, Cloud","Software / data professional with 6.9 years of experience building data pipelines, backend systems, and analytics infrastructure. Started my career in backend engineering and gradually moved closer to data — first dashboards, then ETL, now some basic ML. My toolkit is solid on the data engineering side — Python, SQL, Spark, Airflow, warehouse design — and I've completed a couple of self-directed ML projects (Kaggle competitions, side projects fine-tuning small models). Interested in transitioning toward more AI/ML-focused work, ideally at a company where I can leverage my existing data-infra skills while learning modern ML practice.","['Flask' 'Time Series' 'ASR' 'Object Detection' 'QLoRA' 'Photoshop'
 'Kubernetes' 'Fine-tuning LLMs' 'Data Science' 'Project Management'
 'Speech Recognition' 'HTML' 'BentoML' 'Redis']",0.672456
CAND_0087711,Frontend Engineer | Backend systems & APIs,"Software engineer with 8.6 years of experience across web, backend, and cloud systems. Strong fundamentals in software development and system design. I've spent most of my career on web and API development — Python/Django and Node.js mostly. I've been keeping up with AI/ML at a self-learner level — taken some online courses, played with the OpenAI and Anthropic APIs, built a small RAG side project — but I haven't done it in a professional capacity yet. Open to roles where I can either deepen my software engineering work or, if the team is open to it, start contributing to ML-adjacent systems.","['Spark' 'Kubernetes' 'dbt' 'FastAPI' 'Apache Flink' 'Docker' 'Redux'
 'AWS' 'Sentence Transformers']",0.6723401
CAND_0078165,"Backend Engineer | SQL, Spark, Cloud","Software / data professional with 7.3 years of experience building data pipelines, backend systems, and analytics infrastructure. I'm a backend/data hybrid — Spark, Airflow, SQL warehouses are home territory; I'm building competence on the ML side. My toolkit is solid on the data engineering side — Python, SQL, Spark, Airflow, warehouse design — and I've completed a couple of self-directed ML projects (Kaggle competitions, side projects fine-tuning small models). Interested in transitioning toward more AI/ML-focused work, ideally at a company where I can leverage my existing data-infra skills while learning modern ML practice.","['Kubeflow' 'SQL' 'Diffusion Models' 'MongoDB' 'SEO' 'Object Detection'
 'Docker' 'Vector Search' 'ASR' 'OpenCV' 'Computer Vision' 'FastAPI' 'ETL'
 'Data Science' 'Information Retrieval' 'Six Sigma' 'Flask']",0.6721982
CAND_0033155,"Backend Engineer | SQL, Spark, Cloud","Software / data professional with 4.8 years of experience building data pipelines, backend systems, and analytics infrastructure. I've been the engineer who makes ML possible by getting the data pipelines right; now I want to do more of the ML itself. My toolkit is solid on the data engineering side — Python, SQL, Spark, Airflow, warehouse design — and I've completed a couple of self-directed ML projects (Kaggle competitions, side projects fine-tuning small models). Interested in transitioning toward more AI/ML-focused work, ideally at a company where I can leverage my existing data-infra skills while learning modern ML practice.","['Microservices' 'Weights & Biases' 'OpenCV' 'Qdrant'
 'Statistical Modeling' 'Information Retrieval' 'Computer Vision' 'Rust'
 'Machine Learning' 'Time Series' 'Figma' 'PostgreSQL' 'REST APIs'
 'Object Detection' 'dbt' 'TTS']",0.6717764
CAND_0008813,"Backend Engineer | SQL, Spark, Cloud","Software / data professional with 3.7 years of experience building data pipelines, backend systems, and analytics infrastructure. I'm a backend/data hybrid — Spark, Airflow, SQL warehouses are home territory; I'm building competence on the ML side. My toolkit is solid on the data engineering side — Python, SQL, Spark, Airflow, warehouse design — and I've completed a couple of self-directed ML projects (Kaggle competitions, side projects fine-tuning small models). Interested in transitioning toward more AI/ML-focused work, ideally at a company where I can leverage my existing data-infra skills while learning modern ML practice.","['PostgreSQL' 'TensorFlow' 'Time Series' 'Scrum' 'Data Science'
 'Statistical Modeling' 'Redis' 'Data Pipelines' 'Angular' 'ASR' 'OpenCV'
 'HTML' 'GCP' 'Speech Recognition' 'Redux']",0.6715652
CAND_0017492,"Backend Engineer | SQL, Spark, Cloud","Software / data professional with 6.3 years of experience building data pipelines, backend systems, and analytics infrastructure. Started my career in backend engineering and gradually moved closer to data — first dashboards, then ETL, now some basic ML. My toolkit is solid on the data engineering side — Python, SQL, Spark, Airflow, warehouse design — and I've completed a couple of self-directed ML projects (Kaggle competitions, side projects fine-tuning small models). Interested in transitioning toward more AI/ML-focused work, ideally at a company where I can leverage my existing data-infra skills while learning modern ML practice.","['FAISS' 'Terraform' 'Data Pipelines' 'Speech Recognition' 'TTS'
 'Reinforcement Learning' 'Spark' 'Rust' 'Hadoop' 'Kubernetes'
 'Image Classification' 'Forecasting' 'BentoML' 'Node.js'
 'Object Detection']",0.6714881
CAND_0088727,"Backend Engineer | SQL, Spark, Cloud","Software / data professional with 4.8 years of experience building data pipelines, backend systems, and analytics infrastructure. Started my career in backend engineering and gradually moved closer to data — first dashboards, then ETL, now some basic ML. My toolkit is solid on the data engineering side — Python, SQL, Spark, Airflow, warehouse design — and I've completed a couple of self-directed ML projects (Kaggle competitions, side projects fine-tuning small models). Interested in transitioning toward more AI/ML-focused work, ideally at a company where I can leverage my existing data-infra skills while learning modern ML practice.","['Spring Boot' 'Statistical Modeling' 'Data Science' 'Kubeflow' 'Scrum'
 'Airflow' 'Semantic Search' 'REST APIs' 'PostgreSQL' 'GANs' 'YOLO' 'RAG'
 'Redux' 'Rust' 'Weaviate' 'HTML' 'Image Classification']",0.6712984
CAND_0052277,Cloud Engineer | Backend systems & APIs,"Software engineer with 3.6 years of experience across web, backend, and cloud systems. Strong fundamentals in software development and system design. I've spent most of my career on web and API development — Python/Django and Node.js mostly. I've been keeping up with AI/ML at a self-learner level — taken some online courses, played with the OpenAI and Anthropic APIs, built a small RAG side project — but I haven't done it in a professional capacity yet. Open to roles where I can either deepen my software engineering work or, if the team is open to it, start contributing to ML-adjacent systems.","['Apache Beam' 'Sales' 'Redux' 'PostgreSQL' 'Salesforce CRM' 'Databricks'
 'JavaScript' 'React' 'BentoML' 'OpenCV' 'dbt' 'Spark' 'Data Pipelines']",0.67076665
CAND_0009524,"Backend Engineer | SQL, Spark, Cloud","Software / data professional with 7.0 years of experience building data pipelines, backend systems, and analytics infrastructure. Started my career in backend engineering and gradually moved closer to data — first dashboards, then ETL, now some basic ML. My toolkit is solid on the data engineering side — Python, SQL, Spark, Airflow, warehouse design — and I've completed a couple of self-directed ML projects (Kaggle competitions, side projects fine-tuning small models). Interested in transitioning toward more AI/ML-focused work, ideally at a company where I can leverage my existing data-infra skills while learning modern ML practice.","['CNN' 'Recommendation Systems' 'YOLO' 'Sales' 'MLOps' 'RAG' 'Kubernetes'
 'REST APIs' 'Flask' 'Node.js' 'JavaScript' 'Data Pipelines']",0.6705481
CAND_0037655,"Backend Engineer | SQL, Spark, Cloud","Software / data professional with 3.0 years of experience building data pipelines, backend systems, and analytics infrastructure. Started my career in backend engineering and gradually moved closer to data — first dashboards, then ETL, now some basic ML. My toolkit is solid on the data engineering side — Python, SQL, Spark, Airflow, warehouse design — and I've completed a couple of self-directed ML projects (Kaggle competitions, side projects fine-tuning small models). Interested in transitioning toward more AI/ML-focused work, ideally at a company where I can leverage my existing data-infra skills while learning modern ML practice.","['Kubernetes' 'MLOps' 'Forecasting' 'Databricks' 'Content Writing'
 'PyTorch' 'Vue.js' 'Object Detection' 'SEO' 'OpenCV' 'Speech Recognition'
 'Microservices' 'LangChain' 'Illustrator' 'Image Classification' 'Spark'
 'GANs']",0.67028546
CAND_0086012,"Backend Engineer | SQL, Spark, Cloud","Software / data professional with 5.4 years of experience building data pipelines, backend systems, and analytics infrastructure. Started my career in backend engineering and gradually moved closer to data — first dashboards, then ETL, now some basic ML. My toolkit is solid on the data engineering side — Python, SQL, Spark, Airflow, warehouse design — and I've completed a couple of self-directed ML projects (Kaggle competitions, side projects fine-tuning small models). Interested in transitioning toward more AI/ML-focused work, ideally at a company where I can leverage my existing data-infra skills while learning modern ML practice.","['Feature Engineering' 'Haystack' 'Kubeflow' 'Tailwind'
 'Recommendation Systems' 'ASR' 'YOLO' 'Project Management' 'PostgreSQL'
 'FAISS' 'Django' 'Forecasting' 'TensorFlow']",0.66993797
CAND_0088067,"Backend Engineer | SQL, Spark, Cloud","Software / data professional with 8.0 years of experience building data pipelines, backend systems, and analytics infrastructure. Started my career in backend engineering and gradually moved closer to data — first dashboards, then ETL, now some basic ML. My toolkit is solid on the data engineering side — Python, SQL, Spark, Airflow, warehouse design — and I've completed a couple of self-directed ML projects (Kaggle competitions, side projects fine-tuning small models). Interested in transitioning toward more AI/ML-focused work, ideally at a company where I can leverage my existing data-infra skills while learning modern ML practice.","['Statistical Modeling' 'Pinecone' 'Feature Engineering' 'OpenSearch'
 'Data Science' 'Information Retrieval' 'FastAPI' 'BM25' 'MLOps'
 'REST APIs' 'Spring Boot' 'Project Management' 'Airflow' 'Tally']",0.66978526
CAND_0065313,Cloud Engineer | Backend systems & APIs,"Software engineer with 1.9 years of experience across web, backend, and cloud systems. Strong fundamentals in software development and system design. I've spent most of my career on web and API development — Python/Django and Node.js mostly. I've been keeping up with AI/ML at a self-learner level — taken some online courses, played with the OpenAI and Anthropic APIs, built a small RAG side project — but I haven't done it in a professional capacity yet. Open to roles where I can either deepen my software engineering work or, if the team is open to it, start contributing to ML-adjacent systems.","['Webpack' 'Data Pipelines' 'Marketing' 'Spark' 'LangChain' 'NLP' 'Tally'
 'Excel' 'Vue.js' 'Content Writing' 'React' 'Microservices' 'Apache Flink'
 'AWS']",0.6696835
CAND_0060626,"Backend Engineer | SQL, Spark, Cloud","Software / data professional with 2.0 years of experience building data pipelines, backend systems, and analytics infrastructure. I'm a backend/data hybrid — Spark, Airflow, SQL warehouses are home territory; I'm building competence on the ML side. My toolkit is solid on the data engineering side — Python, SQL, Spark, Airflow, warehouse design — and I've completed a couple of self-directed ML projects (Kaggle competitions, side projects fine-tuning small models). Interested in transitioning toward more AI/ML-focused work, ideally at a company where I can leverage my existing data-infra skills while learning modern ML practice.","['Data Science' 'BM25' 'Sales' 'Terraform' 'NLP' 'Photoshop' 'MLOps'
 'MongoDB' 'YOLO' 'Vue.js' 'Recommendation Systems' 'React' 'gRPC']",0.669323
CAND_0010994,"Backend Engineer | SQL, Spark, Cloud","Software / data professional with 4.7 years of experience building data pipelines, backend systems, and analytics infrastructure. Started my career in backend engineering and gradually moved closer to data — first dashboards, then ETL, now some basic ML. My toolkit is solid on the data engineering side — Python, SQL, Spark, Airflow, warehouse design — and I've completed a couple of self-directed ML projects (Kaggle competitions, side projects fine-tuning small models). Interested in transitioning toward more AI/ML-focused work, ideally at a company where I can leverage my existing data-infra skills while learning modern ML practice.","['Docker' 'Reinforcement Learning' 'Hugging Face Transformers' 'CNN'
 'Qdrant' 'Apache Beam' 'Airflow' 'Node.js' 'Data Science' 'SAP'
 'Speech Recognition' 'Redis' 'scikit-learn' 'BentoML' 'pgvector'
 'Computer Vision']",0.66920316
CAND_0077196,"Backend Engineer | SQL, Spark, Cloud","Software / data professional with 7.4 years of experience building data pipelines, backend systems, and analytics infrastructure. I've been the engineer who makes ML possible by getting the data pipelines right; now I want to do more of the ML itself. My toolkit is solid on the data engineering side — Python, SQL, Spark, Airflow, warehouse design — and I've completed a couple of self-directed ML projects (Kaggle competitions, side projects fine-tuning small models). Interested in transitioning toward more AI/ML-focused work, ideally at a company where I can leverage my existing data-infra skills while learning modern ML practice.","['Diffusion Models' 'Statistical Modeling' 'LangChain' 'Fine-tuning LLMs'
 'Qdrant' 'Reinforcement Learning' 'Tailwind' 'Salesforce CRM'
 'Apache Beam' 'Java' 'dbt' 'Content Writing' 'Semantic Search' 'Flask'
 'GCP']",0.66886884
CAND_0069569,"Backend Engineer | SQL, Spark, Cloud","Software / data professional with 5.1 years of experience building data pipelines, backend systems, and analytics infrastructure. Most of my work has been data pipelines and analytics infrastructure; I've shipped a couple of small ML features but it's not the core of my day. My toolkit is solid on the data engineering side — Python, SQL, Spark, Airflow, warehouse design — and I've completed a couple of self-directed ML projects (Kaggle competitions, side projects fine-tuning small models). Interested in transitioning toward more AI/ML-focused work, ideally at a company where I can leverage my existing data-infra skills while learning modern ML practice.","['Vue.js' 'Figma' 'Diffusion Models' 'GCP' 'FAISS' 'Webpack'
 'Sentence Transformers' 'Learning to Rank' 'Data Science' 'Microservices'
 'Feature Engineering' 'Reinforcement Learning' 'TypeScript' 'Terraform'
 'ETL']",0.6686553
CAND_0029756,Cloud Engineer | Backend systems & APIs,"Software engineer with 7.5 years of experience across web, backend, and cloud systems. Strong fundamentals in software development and system design. I've spent most of my career on web and API development — Python/Django and Node.js mostly. I've been keeping up with AI/ML at a self-learner level — taken some online courses, played with the OpenAI and Anthropic APIs, built a small RAG side project — but I haven't done it in a professional capacity yet. Open to roles where I can either deepen my software engineering work or, if the team is open to it, start contributing to ML-adjacent systems.",['Vue.js' 'Apache Flink' 'Spark' 'Java' 'PostgreSQL' 'Azure' 'Six Sigma'],0.6686071
CAND_0079608,"Senior Software Engineer | SQL, Spark, Cloud","Software / data professional with 5.0 years of experience building data pipelines, backend systems, and analytics infrastructure. Started my career in backend engineering and gradually moved closer to data — first dashboards, then ETL, now some basic ML. My toolkit is solid on the data engineering side — Python, SQL, Spark, Airflow, warehouse design — and I've completed a couple of self-directed ML projects (Kaggle competitions, side projects fine-tuning small models). Interested in transitioning toward more AI/ML-focused work, ideally at a company where I can leverage my existing data-infra skills while learning modern ML practice.","['Redux' 'BentoML' 'Spark' 'MLOps' 'Microservices' 'Terraform'
 'Prompt Engineering' 'Docker' 'Speech Recognition' 'Elasticsearch'
 'GraphQL' 'Webpack' 'scikit-learn' 'AWS']",0.6681692
CAND_0056340,"Backend Engineer | SQL, Spark, Cloud","Software / data professional with 2.4 years of experience building data pipelines, backend systems, and analytics infrastructure. Started my career in backend engineering and gradually moved closer to data — first dashboards, then ETL, now some basic ML. My toolkit is solid on the data engineering side — Python, SQL, Spark, Airflow, warehouse design — and I've completed a couple of self-directed ML projects (Kaggle competitions, side projects fine-tuning small models). Interested in transitioning toward more AI/ML-focused work, ideally at a company where I can leverage my existing data-infra skills while learning modern ML practice.","['MLflow' 'TypeScript' 'RAG' 'ASR' 'Webpack' 'JavaScript'
 'Information Retrieval' 'YOLO' 'Embeddings' 'Computer Vision' 'Hadoop'
 'Learning to Rank']",0.667912
CAND_0086217,"Backend Engineer | SQL, Spark, Cloud","Software / data professional with 6.9 years of experience building data pipelines, backend systems, and analytics infrastructure. I'm a backend/data hybrid — Spark, Airflow, SQL warehouses are home territory; I'm building competence on the ML side. My toolkit is solid on the data engineering side — Python, SQL, Spark, Airflow, warehouse design — and I've completed a couple of self-directed ML projects (Kaggle competitions, side projects fine-tuning small models). Interested in transitioning toward more AI/ML-focused work, ideally at a company where I can leverage my existing data-infra skills while learning modern ML practice.","['Embeddings' 'BM25' 'Reinforcement Learning' 'Python' 'Snowflake'
 'TypeScript' 'Figma' 'GANs' 'Semantic Search' 'Statistical Modeling'
 'Node.js' 'CSS' 'Object Detection']",0.66737825
CAND_0093316,Cloud Engineer | Cloud & DevOps,"Software engineer with 4.1 years of experience across web, backend, and cloud systems. Strong fundamentals in software development and system design. I've spent most of my career on web and API development — Python/Django and Node.js mostly. I've been keeping up with AI/ML at a self-learner level — taken some online courses, played with the OpenAI and Anthropic APIs, built a small RAG side project — but I haven't done it in a professional capacity yet. Open to roles where I can either deepen my software engineering work or, if the team is open to it, start contributing to ML-adjacent systems.","['Spark' 'AWS' 'Kubernetes' 'SEO' 'Hadoop' 'Go' 'PostgreSQL' 'SQL' 'RAG'
 'Rust' 'REST APIs' 'Fine-tuning LLMs']",0.6672731
CAND_0019838,"Backend Engineer | SQL, Spark, Cloud","Software / data professional with 5.6 years of experience building data pipelines, backend systems, and analytics infrastructure. Started my career in backend engineering and gradually moved closer to data — first dashboards, then ETL, now some basic ML. My toolkit is solid on the data engineering side — Python, SQL, Spark, Airflow, warehouse design — and I've completed a couple of self-directed ML projects (Kaggle competitions, side projects fine-tuning small models). Interested in transitioning toward more AI/ML-focused work, ideally at a company where I can leverage my existing data-infra skills while learning modern ML practice.","['Data Science' 'Tailwind' 'Node.js' 'GCP' 'CNN' 'Tally' 'Salesforce CRM'
 'Speech Recognition' 'Kubeflow' 'Photoshop' 'PyTorch' 'Computer Vision'
 'Azure' 'Spring Boot' 'Diffusion Models']",0.66715086
CAND_0079291,"Backend Engineer | SQL, Spark, Cloud","Software / data professional with 2.3 years of experience building data pipelines, backend systems, and analytics infrastructure. Most of my work has been data pipelines and analytics infrastructure; I've shipped a couple of small ML features but it's not the core of my day. My toolkit is solid on the data engineering side — Python, SQL, Spark, Airflow, warehouse design — and I've completed a couple of self-directed ML projects (Kaggle competitions, side projects fine-tuning small models). Interested in transitioning toward more AI/ML-focused work, ideally at a company where I can leverage my existing data-infra skills while learning modern ML practice.","['Feature Engineering' 'Node.js' 'Reinforcement Learning' 'OpenSearch'
 'YOLO' 'ASR' 'SEO' 'LlamaIndex' 'Weights & Biases' 'Docker'
 'Elasticsearch' 'REST APIs' 'Information Retrieval' 'Illustrator' 'GANs'
 'Time Series']",0.66652036
CAND_0037427,"Backend Engineer | SQL, Spark, Cloud","Software / data professional with 6.5 years of experience building data pipelines, backend systems, and analytics infrastructure. I'm a backend/data hybrid — Spark, Airflow, SQL warehouses are home territory; I'm building competence on the ML side. My toolkit is solid on the data engineering side — Python, SQL, Spark, Airflow, warehouse design — and I've completed a couple of self-directed ML projects (Kaggle competitions, side projects fine-tuning small models). Interested in transitioning toward more AI/ML-focused work, ideally at a company where I can leverage my existing data-infra skills while learning modern ML practice.","['Time Series' 'Feature Engineering' 'QLoRA' 'Object Detection' 'ASR'
 'Flask' 'Kubeflow' 'JavaScript' 'YOLO' 'PyTorch' 'Agile' 'GCP' 'Redis'
 'Forecasting']",0.66619974
CAND_0088620,"Backend Engineer | SQL, Spark, Cloud","Software / data professional with 2.4 years of experience building data pipelines, backend systems, and analytics infrastructure. Started my career in backend engineering and gradually moved closer to data — first dashboards, then ETL, now some basic ML. My toolkit is solid on the data engineering side — Python, SQL, Spark, Airflow, warehouse design — and I've completed a couple of self-directed ML projects (Kaggle competitions, side projects fine-tuning small models). Interested in transitioning toward more AI/ML-focused work, ideally at a company where I can leverage my existing data-infra skills while learning modern ML practice.","['Object Detection' 'Python' 'MongoDB' 'JavaScript' 'Semantic Search'
 'YOLO' 'Prompt Engineering' 'Time Series' 'OpenSearch' 'Weights & Biases'
 'Computer Vision' 'SQL']",0.66610676
CAND_0075879,Cloud Engineer | Backend systems & APIs,"Software engineer with 9.7 years of experience across web, backend, and cloud systems. Strong fundamentals in software development and system design. I've spent most of my career on web and API development — Python/Django and Node.js mostly. I've been keeping up with AI/ML at a self-learner level — taken some online courses, played with the OpenAI and Anthropic APIs, built a small RAG side project — but I haven't done it in a professional capacity yet. Open to roles where I can either deepen my software engineering work or, if the team is open to it, start contributing to ML-adjacent systems.","['MongoDB' 'TypeScript' 'Figma' 'Photoshop' 'Six Sigma' 'Deep Learning'
 'Tailwind' 'SEO' 'Illustrator' 'Spring Boot' 'Django' 'Scrum' 'AWS']",0.66609013
CAND_0005820,"Backend Engineer | SQL, Spark, Cloud","Software / data professional with 7.2 years of experience building data pipelines, backend systems, and analytics infrastructure. Started my career in backend engineering and gradually moved closer to data — first dashboards, then ETL, now some basic ML. My toolkit is solid on the data engineering side — Python, SQL, Spark, Airflow, warehouse design — and I've completed a couple of self-directed ML projects (Kaggle competitions, side projects fine-tuning small models). Interested in transitioning toward more AI/ML-focused work, ideally at a company where I can leverage my existing data-infra skills while learning modern ML practice.","['Hugging Face Transformers' 'Spring Boot' 'Apache Beam' 'OpenCV' 'CNN'
 'Six Sigma' 'Airflow' 'Weights & Biases' 'Illustrator' 'Snowflake'
 'Data Science' 'Angular' 'Image Classification' 'ASR' 'Python' 'BM25'
 'BentoML' 'Flask']",0.6660795
CAND_0030738,"Backend Engineer | SQL, Spark, Cloud","Software / data professional with 4.9 years of experience building data pipelines, backend systems, and analytics infrastructure. Most of my work has been data pipelines and analytics infrastructure; I've shipped a couple of small ML features but it's not the core of my day. My toolkit is solid on the data engineering side — Python, SQL, Spark, Airflow, warehouse design — and I've completed a couple of self-directed ML projects (Kaggle competitions, side projects fine-tuning small models). Interested in transitioning toward more AI/ML-focused work, ideally at a company where I can leverage my existing data-infra skills while learning modern ML practice.","['MongoDB' 'FastAPI' 'Object Detection' 'Photoshop' 'Kubeflow'
 'Computer Vision' 'Machine Learning' 'Tailwind' 'Django' 'dbt' 'Pinecone'
 'Weights & Biases' 'Angular' 'OpenCV' 'Terraform']",0.6650245
CAND_0002728,"Backend Engineer | SQL, Spark, Cloud","Software / data professional with 5.5 years of experience building data pipelines, backend systems, and analytics infrastructure. I'm a backend/data hybrid — Spark, Airflow, SQL warehouses are home territory; I'm building competence on the ML side. My toolkit is solid on the data engineering side — Python, SQL, Spark, Airflow, warehouse design — and I've completed a couple of self-directed ML projects (Kaggle competitions, side projects fine-tuning small models). Interested in transitioning toward more AI/ML-focused work, ideally at a company where I can leverage my existing data-infra skills while learning modern ML practice.","['Image Classification' 'Weights & Biases' 'Figma' 'REST APIs'
 'Reinforcement Learning' 'SEO' 'Diffusion Models' 'Go' 'Spark' 'MLOps'
 'TypeScript' 'SQL' 'Terraform' 'LlamaIndex' 'Embeddings']",0.6649929
CAND_0066461,"Backend Engineer | SQL, Spark, Cloud","Software / data professional with 2.2 years of experience building data pipelines, backend systems, and analytics infrastructure. I'm a backend/data hybrid — Spark, Airflow, SQL warehouses are home territory; I'm building competence on the ML side. My toolkit is solid on the data engineering side — Python, SQL, Spark, Airflow, warehouse design — and I've completed a couple of self-directed ML projects (Kaggle competitions, side projects fine-tuning small models). Interested in transitioning toward more AI/ML-focused work, ideally at a company where I can leverage my existing data-infra skills while learning modern ML practice.","['TTS' 'Diffusion Models' 'MLflow' 'Weights & Biases' 'Apache Flink'
 'BigQuery' 'Airflow' 'Speech Recognition' 'LlamaIndex' 'Java' 'Sales'
 'Haystack' 'Docker' 'Data Pipelines' 'Data Science']",0.66434294
CAND_0009493,"Backend Engineer | SQL, Spark, Cloud","Software / data professional with 7.0 years of experience building data pipelines, backend systems, and analytics infrastructure. I'm a backend/data hybrid — Spark, Airflow, SQL warehouses are home territory; I'm building competence on the ML side. My toolkit is solid on the data engineering side — Python, SQL, Spark, Airflow, warehouse design — and I've completed a couple of self-directed ML projects (Kaggle competitions, side projects fine-tuning small models). Interested in transitioning toward more AI/ML-focused work, ideally at a company where I can leverage my existing data-infra skills while learning modern ML practice.","['Forecasting' 'FastAPI' 'Computer Vision' 'JavaScript' 'Machine Learning'
 'Scrum' 'MLOps' 'TTS' 'MongoDB' 'Illustrator' 'Spring Boot' 'Docker']",0.6643162
CAND_0054017,Cloud Engineer | Backend systems & APIs,"Software engineer with 2.1 years of experience across web, backend, and cloud systems. Strong fundamentals in software development and system design. I've spent most of my career on web and API development — Python/Django and Node.js mostly. I've been keeping up with AI/ML at a self-learner level — taken some online courses, played with the OpenAI and Anthropic APIs, built a small RAG side project — but I haven't done it in a professional capacity yet. Open to roles where I can either deepen my software engineering work or, if the team is open to it, start contributing to ML-adjacent systems.","['Spark' 'Kafka' 'TensorFlow' 'GraphQL' 'Databricks' 'Microservices' 'dbt'
 'TypeScript' 'Photoshop' 'Spring Boot']",0.663937
CAND_0014332,"Backend Engineer | SQL, Spark, Cloud","Software / data professional with 7.8 years of experience building data pipelines, backend systems, and analytics infrastructure. I've been the engineer who makes ML possible by getting the data pipelines right; now I want to do more of the ML itself. My toolkit is solid on the data engineering side — Python, SQL, Spark, Airflow, warehouse design — and I've completed a couple of self-directed ML projects (Kaggle competitions, side projects fine-tuning small models). Interested in transitioning toward more AI/ML-focused work, ideally at a company where I can leverage my existing data-infra skills while learning modern ML practice.","['LLMs' 'GANs' 'Kubeflow' 'MLflow' 'Redis' 'Semantic Search'
 'Feature Engineering' 'Time Series' 'Apache Flink' 'Elasticsearch'
 'Learning to Rank' 'Speech Recognition' 'Angular' 'CSS' 'CNN'
 'PowerPoint']",0.66382307
CAND_0030178,"Backend Engineer | SQL, Spark, Cloud","Software / data professional with 5.5 years of experience building data pipelines, backend systems, and analytics infrastructure. I'm a backend/data hybrid — Spark, Airflow, SQL warehouses are home territory; I'm building competence on the ML side. My toolkit is solid on the data engineering side — Python, SQL, Spark, Airflow, warehouse design — and I've completed a couple of self-directed ML projects (Kaggle competitions, side projects fine-tuning small models). Interested in transitioning toward more AI/ML-focused work, ideally at a company where I can leverage my existing data-infra skills while learning modern ML practice.","['JavaScript' 'OpenSearch' 'Kafka' 'RAG' 'Data Science' 'Diffusion Models'
 'MLOps' 'NLP' 'Computer Vision' 'CSS' 'Node.js' 'Redux'
 'Reinforcement Learning' 'Agile' 'FAISS']",0.66374135
CAND_0094084,Cloud Engineer | Backend systems & APIs,"Software engineer with 3.3 years of experience across web, backend, and cloud systems. Strong fundamentals in software development and system design. I've spent most of my career on web and API development — Python/Django and Node.js mostly. I've been keeping up with AI/ML at a self-learner level — taken some online courses, played with the OpenAI and Anthropic APIs, built a small RAG side project — but I haven't done it in a professional capacity yet. Open to roles where I can either deepen my software engineering work or, if the team is open to it, start contributing to ML-adjacent systems.","['AWS' 'Databricks' 'Django' 'FastAPI' 'Kubernetes' 'Kafka' 'Data Science'
 'Spark' 'Tailwind' 'Six Sigma' 'Hugging Face Transformers' 'CI/CD'
 'LangChain']",0.6636454
CAND_0047975,"Backend Engineer | SQL, Spark, Cloud","Software / data professional with 3.8 years of experience building data pipelines, backend systems, and analytics infrastructure. I've been the engineer who makes ML possible by getting the data pipelines right; now I want to do more of the ML itself. My toolkit is solid on the data engineering side — Python, SQL, Spark, Airflow, warehouse design — and I've completed a couple of self-directed ML projects (Kaggle competitions, side projects fine-tuning small models). Interested in transitioning toward more AI/ML-focused work, ideally at a company where I can leverage my existing data-infra skills while learning modern ML practice.","['Kafka' 'Fine-tuning LLMs' 'Reinforcement Learning' 'Machine Learning'
 'Feature Engineering' 'Diffusion Models' 'PostgreSQL' 'BentoML'
 'Time Series' 'LLMs' 'FastAPI' 'CNN' 'Tailwind' 'REST APIs'
 'Statistical Modeling']",0.66350067
CAND_0022061,Frontend Engineer | Backend systems & APIs,"Software engineer with 2.4 years of experience across web, backend, and cloud systems. Strong fundamentals in software development and system design. I've spent most of my career on web and API development — Python/Django and Node.js mostly. I've been keeping up with AI/ML at a self-learner level — taken some online courses, played with the OpenAI and Anthropic APIs, built a small RAG side project — but I haven't done it in a professional capacity yet. Open to roles where I can either deepen my software engineering work or, if the team is open to it, start contributing to ML-adjacent systems.","['Spark' 'Spring Boot' 'Snowflake' 'GANs' 'Node.js' 'YOLO' 'Java' 'gRPC'
 'Excel' 'Tailwind' 'Webpack' 'Databricks' 'Flask' 'BentoML' 'TypeScript'
 'LoRA']",0.6631062
CAND_0005968,"Backend Engineer | SQL, Spark, Cloud","Software / data professional with 3.4 years of experience building data pipelines, backend systems, and analytics infrastructure. I've been the engineer who makes ML possible by getting the data pipelines right; now I want to do more of the ML itself. My toolkit is solid on the data engineering side — Python, SQL, Spark, Airflow, warehouse design — and I've completed a couple of self-directed ML projects (Kaggle competitions, side projects fine-tuning small models). Interested in transitioning toward more AI/ML-focused work, ideally at a company where I can leverage my existing data-infra skills while learning modern ML practice.","['SEO' 'CSS' 'Data Science' 'Computer Vision' 'Webpack' 'YOLO' 'PyTorch'
 'Speech Recognition' 'Weights & Biases' 'MLOps' 'CNN' 'Kafka' 'Hadoop'
 'JavaScript' 'LlamaIndex']",0.66303885
CAND_0091062,"Backend Engineer | SQL, Spark, Cloud","Software / data professional with 5.1 years of experience building data pipelines, backend systems, and analytics infrastructure. I'm a backend/data hybrid — Spark, Airflow, SQL warehouses are home territory; I'm building competence on the ML side. My toolkit is solid on the data engineering side — Python, SQL, Spark, Airflow, warehouse design — and I've completed a couple of self-directed ML projects (Kaggle competitions, side projects fine-tuning small models). Interested in transitioning toward more AI/ML-focused work, ideally at a company where I can leverage my existing data-infra skills while learning modern ML practice.","['LLMs' 'CSS' 'REST APIs' 'Computer Vision' 'BigQuery' 'Forecasting'
 'Kafka' 'Reinforcement Learning' 'Vue.js' 'NLP' 'Weaviate' 'RAG'
 'BentoML' 'OpenCV']",0.66292167
CAND_0033699,Cloud Engineer | Backend systems & APIs,"Software engineer with 5.1 years of experience across web, backend, and cloud systems. Strong fundamentals in software development and system design. Most of my work is conventional backend engineering — APIs, databases, queues, deployments. I've been keeping up with AI/ML at a self-learner level — taken some online courses, played with the OpenAI and Anthropic APIs, built a small RAG side project — but I haven't done it in a professional capacity yet. Open to roles where I can either deepen my software engineering work or, if the team is open to it, start contributing to ML-adjacent systems.","['Spark' 'pgvector' 'Excel' 'Time Series' 'BM25' 'PostgreSQL' 'Docker'
 'Tailwind' 'Computer Vision' 'Kubernetes' 'AWS' 'SQL' 'Illustrator']",0.66289324
CAND_0030390,"Backend Engineer | SQL, Spark, Cloud","Software / data professional with 5.9 years of experience building data pipelines, backend systems, and analytics infrastructure. I'm a backend/data hybrid — Spark, Airflow, SQL warehouses are home territory; I'm building competence on the ML side. My toolkit is solid on the data engineering side — Python, SQL, Spark, Airflow, warehouse design — and I've completed a couple of self-directed ML projects (Kaggle competitions, side projects fine-tuning small models). Interested in transitioning toward more AI/ML-focused work, ideally at a company where I can leverage my existing data-infra skills while learning modern ML practice.","['React' 'MLflow' 'Semantic Search' 'Next.js' 'Airflow' 'AWS'
 'Weights & Biases' 'Snowflake' 'Data Science' 'Kubeflow' 'Excel']",0.66256464
CAND_0079194,"Backend Engineer | SQL, Spark, Cloud","Software / data professional with 5.9 years of experience building data pipelines, backend systems, and analytics infrastructure. I'm a backend/data hybrid — Spark, Airflow, SQL warehouses are home territory; I'm building competence on the ML side. My toolkit is solid on the data engineering side — Python, SQL, Spark, Airflow, warehouse design — and I've completed a couple of self-directed ML projects (Kaggle competitions, side projects fine-tuning small models). Interested in transitioning toward more AI/ML-focused work, ideally at a company where I can leverage my existing data-infra skills while learning modern ML practice.","['BentoML' 'Speech Recognition' 'Hadoop' 'Flask' 'OpenCV' 'Kafka' 'Sales'
 'Data Science' 'Statistical Modeling' 'Image Classification'
 'Time Series' 'React' 'SQL' 'LLMs']",0.6623953
CAND_0061025,Cloud Engineer | Backend systems & APIs,"Software engineer with 4.8 years of experience across web, backend, and cloud systems. Strong fundamentals in software development and system design. I've spent most of my career on web and API development — Python/Django and Node.js mostly. I've been keeping up with AI/ML at a self-learner level — taken some online courses, played with the OpenAI and Anthropic APIs, built a small RAG side project — but I haven't done it in a professional capacity yet. Open to roles where I can either deepen my software engineering work or, if the team is open to it, start contributing to ML-adjacent systems.","['MongoDB' 'Tailwind' 'Angular' 'React' 'Milvus' 'Accounting' 'CSS'
 'Hadoop' 'Microservices' 'JavaScript' 'Spark']",0.6622391
CAND_0031459,"Backend Engineer | SQL, Spark, Cloud","Software / data professional with 2.6 years of experience building data pipelines, backend systems, and analytics infrastructure. Started my career in backend engineering and gradually moved closer to data — first dashboards, then ETL, now some basic ML. My toolkit is solid on the data engineering side — Python, SQL, Spark, Airflow, warehouse design — and I've completed a couple of self-directed ML projects (Kaggle competitions, side projects fine-tuning small models). Interested in transitioning toward more AI/ML-focused work, ideally at a company where I can leverage my existing data-infra skills while learning modern ML practice.","['Feature Engineering' 'TTS' 'Agile' 'GANs' 'PEFT' 'Weights & Biases'
 'CNN' 'Snowflake' 'Flask']",0.6616702
CAND_0012300,"Backend Engineer | SQL, Spark, Cloud","Software / data professional with 4.7 years of experience building data pipelines, backend systems, and analytics infrastructure. Started my career in backend engineering and gradually moved closer to data — first dashboards, then ETL, now some basic ML. My toolkit is solid on the data engineering side — Python, SQL, Spark, Airflow, warehouse design — and I've completed a couple of self-directed ML projects (Kaggle competitions, side projects fine-tuning small models). Interested in transitioning toward more AI/ML-focused work, ideally at a company where I can leverage my existing data-infra skills while learning modern ML practice.","['Rust' 'Fine-tuning LLMs' 'GCP' 'Haystack' 'Snowflake' 'Kubeflow'
 'Object Detection' 'Sentence Transformers' 'Forecasting' 'Data Science'
 'GANs' 'Marketing' 'Weights & Biases' 'BM25']",0.6616114
CAND_0010148,"Analytics Engineer | SQL, Spark, Cloud","Software / data professional with 6.5 years of experience building data pipelines, backend systems, and analytics infrastructure. Started my career in backend engineering and gradually moved closer to data — first dashboards, then ETL, now some basic ML. My toolkit is solid on the data engineering side — Python, SQL, Spark, Airflow, warehouse design — and I've completed a couple of self-directed ML projects (Kaggle competitions, side projects fine-tuning small models). Interested in transitioning toward more AI/ML-focused work, ideally at a company where I can leverage my existing data-infra skills while learning modern ML practice.","['Java' 'dbt' 'Time Series' 'Python' 'Qdrant' 'LLMs' 'Weights & Biases'
 'gRPC' 'Django' 'Microservices' 'Object Detection' 'Spring Boot'
 'Elasticsearch' 'ASR' 'Databricks']",0.66146374
CAND_0019794,Cloud Engineer | Backend systems & APIs,"Software engineer with 7.8 years of experience across web, backend, and cloud systems. Strong fundamentals in software development and system design. I've spent most of my career on web and API development — Python/Django and Node.js mostly. I've been keeping up with AI/ML at a self-learner level — taken some online courses, played with the OpenAI and Anthropic APIs, built a small RAG side project — but I haven't done it in a professional capacity yet. Open to roles where I can either deepen my software engineering work or, if the team is open to it, start contributing to ML-adjacent systems.","['Rust' 'Hadoop' 'Computer Vision' 'Go' 'Six Sigma' 'Django' 'JavaScript'
 'GraphQL' 'MongoDB' 'Terraform' 'TypeScript' 'Flask']",0.6614474
CAND_0095925,"Backend Engineer | SQL, Spark, Cloud","Software / data professional with 6.1 years of experience building data pipelines, backend systems, and analytics infrastructure. Started my career in backend engineering and gradually moved closer to data — first dashboards, then ETL, now some basic ML. My toolkit is solid on the data engineering side — Python, SQL, Spark, Airflow, warehouse design — and I've completed a couple of self-directed ML projects (Kaggle competitions, side projects fine-tuning small models). Interested in transitioning toward more AI/ML-focused work, ideally at a company where I can leverage my existing data-infra skills while learning modern ML practice.","['Forecasting' 'NLP' 'Data Science' 'Apache Beam' 'Docker' 'Vue.js'
 'Spring Boot' 'Speech Recognition' 'TTS' 'LangChain' 'Webpack'
 'Reinforcement Learning']",0.66118157
CAND_0070285,"Backend Engineer | SQL, Spark, Cloud","Software / data professional with 4.1 years of experience building data pipelines, backend systems, and analytics infrastructure. Most of my work has been data pipelines and analytics infrastructure; I've shipped a couple of small ML features but it's not the core of my day. My toolkit is solid on the data engineering side — Python, SQL, Spark, Airflow, warehouse design — and I've completed a couple of self-directed ML projects (Kaggle competitions, side projects fine-tuning small models). Interested in transitioning toward more AI/ML-focused work, ideally at a company where I can leverage my existing data-infra skills while learning modern ML practice.","['Apache Beam' 'Kubeflow' 'Excel' 'AWS' 'Feature Engineering' 'SQL'
 'Spring Boot' 'Forecasting' 'Weights & Biases' 'MLOps' 'Weaviate'
 'Terraform' 'Milvus' 'Node.js' 'Illustrator' 'Time Series'
 'Object Detection' 'Recommendation Systems' 'Hugging Face Transformers']",0.66088957
CAND_0010789,Cloud Engineer | Backend systems & APIs,"Software engineer with 6.4 years of experience across web, backend, and cloud systems. Strong fundamentals in software development and system design. I've spent most of my career on web and API development — Python/Django and Node.js mostly. I've been keeping up with AI/ML at a self-learner level — taken some online courses, played with the OpenAI and Anthropic APIs, built a small RAG side project — but I haven't done it in a professional capacity yet. Open to roles where I can either deepen my software engineering work or, if the team is open to it, start contributing to ML-adjacent systems.","['Java' 'React' 'OpenSearch' 'Flask' 'Redis' 'Tally'
 'Hugging Face Transformers' 'CI/CD' 'MongoDB' 'Hadoop']",0.6607215
CAND_0001112,Cloud Engineer | Backend systems & APIs,"Software engineer with 1.1 years of experience across web, backend, and cloud systems. Strong fundamentals in software development and system design. Most of my work is conventional backend engineering — APIs, databases, queues, deployments. I've been keeping up with AI/ML at a self-learner level — taken some online courses, played with the OpenAI and Anthropic APIs, built a small RAG side project — but I haven't done it in a professional capacity yet. Open to roles where I can either deepen my software engineering work or, if the team is open to it, start contributing to ML-adjacent systems.","['Spark' 'MLOps' 'Weights & Biases' 'Flask' 'Node.js' 'Apache Flink'
 'Photoshop' 'Data Pipelines' 'Webpack' 'SQL' 'Microservices' 'REST APIs']",0.66043496
CAND_0062403,"Backend Engineer | SQL, Spark, Cloud","Software / data professional with 5.1 years of experience building data pipelines, backend systems, and analytics infrastructure. Started my career in backend engineering and gradually moved closer to data — first dashboards, then ETL, now some basic ML. My toolkit is solid on the data engineering side — Python, SQL, Spark, Airflow, warehouse design — and I've completed a couple of self-directed ML projects (Kaggle competitions, side projects fine-tuning small models). Interested in transitioning toward more AI/ML-focused work, ideally at a company where I can leverage my existing data-infra skills while learning modern ML practice.","['Kubeflow' 'Java' 'YOLO' 'PostgreSQL' 'Rust' 'Weights & Biases' 'gRPC'
 'FastAPI' 'Airflow' 'Redux' 'Milvus']",0.6604292
CAND_0089970,"Backend Engineer | SQL, Spark, Cloud","Software / data professional with 4.0 years of experience building data pipelines, backend systems, and analytics infrastructure. I'm a backend/data hybrid — Spark, Airflow, SQL warehouses are home territory; I'm building competence on the ML side. My toolkit is solid on the data engineering side — Python, SQL, Spark, Airflow, warehouse design — and I've completed a couple of self-directed ML projects (Kaggle competitions, side projects fine-tuning small models). Interested in transitioning toward more AI/ML-focused work, ideally at a company where I can leverage my existing data-infra skills while learning modern ML practice.","['ASR' 'Angular' 'ETL' 'pgvector' 'LangChain' 'OpenCV'
 'Reinforcement Learning' 'MongoDB' 'Statistical Modeling' 'Forecasting'
 'Figma']",0.6603708
CAND_0036986,"Backend Engineer | SQL, Spark, Cloud","Software / data professional with 7.5 years of experience building data pipelines, backend systems, and analytics infrastructure. I'm a backend/data hybrid — Spark, Airflow, SQL warehouses are home territory; I'm building competence on the ML side. My toolkit is solid on the data engineering side — Python, SQL, Spark, Airflow, warehouse design — and I've completed a couple of self-directed ML projects (Kaggle competitions, side projects fine-tuning small models). Interested in transitioning toward more AI/ML-focused work, ideally at a company where I can leverage my existing data-infra skills while learning modern ML practice.","['Statistical Modeling' 'ETL' 'TypeScript' 'Kubeflow' 'GraphQL' 'GANs'
 'React' 'Weights & Biases' 'LangChain' 'Apache Flink' 'Microservices']",0.6603046
CAND_0018203,Cloud Engineer | Backend systems & APIs,"Software engineer with 4.2 years of experience across web, backend, and cloud systems. Strong fundamentals in software development and system design. I've spent most of my career on web and API development — Python/Django and Node.js mostly. I've been keeping up with AI/ML at a self-learner level — taken some online courses, played with the OpenAI and Anthropic APIs, built a small RAG side project — but I haven't done it in a professional capacity yet. Open to roles where I can either deepen my software engineering work or, if the team is open to it, start contributing to ML-adjacent systems.","['Redis' 'Salesforce CRM' 'Six Sigma' 'Rust' 'Content Writing' 'SAP'
 'Figma' 'PEFT' 'CI/CD' 'AWS' 'Agile' 'Azure']",0.6601937
CAND_0058098,"Backend Engineer | SQL, Spark, Cloud","Software / data professional with 7.8 years of experience building data pipelines, backend systems, and analytics infrastructure. I'm a backend/data hybrid — Spark, Airflow, SQL warehouses are home territory; I'm building competence on the ML side. My toolkit is solid on the data engineering side — Python, SQL, Spark, Airflow, warehouse design — and I've completed a couple of self-directed ML projects (Kaggle competitions, side projects fine-tuning small models). Interested in transitioning toward more AI/ML-focused work, ideally at a company where I can leverage my existing data-infra skills while learning modern ML practice.","['Data Science' 'Forecasting' 'Weights & Biases' 'GANs'
 'Project Management' 'Webpack' 'Elasticsearch' 'Feature Engineering'
 'PostgreSQL' 'Snowflake' 'RAG' 'Diffusion Models' 'Redis' 'LoRA'
 'Hugging Face Transformers' 'Image Classification']",0.6601573
CAND_0072549,"Senior Data Engineer | SQL, Spark, Cloud","Software / data professional with 2.2 years of experience building data pipelines, backend systems, and analytics infrastructure. Started my career in backend engineering and gradually moved closer to data — first dashboards, then ETL, now some basic ML. My toolkit is solid on the data engineering side — Python, SQL, Spark, Airflow, warehouse design — and I've completed a couple of self-directed ML projects (Kaggle competitions, side projects fine-tuning small models). Interested in transitioning toward more AI/ML-focused work, ideally at a company where I can leverage my existing data-infra skills while learning modern ML practice.","['Flask' 'PostgreSQL' 'Elasticsearch' 'Reinforcement Learning'
 'TensorFlow' 'Go' 'Vector Search' 'Weights & Biases' 'BentoML'
 'Terraform' 'Time Series' 'LlamaIndex' 'Data Science'
 'Statistical Modeling' 'Apache Flink']",0.66008145
CAND_0022599,"Backend Engineer | SQL, Spark, Cloud","Software / data professional with 3.6 years of experience building data pipelines, backend systems, and analytics infrastructure. I'm a backend/data hybrid — Spark, Airflow, SQL warehouses are home territory; I'm building competence on the ML side. My toolkit is solid on the data engineering side — Python, SQL, Spark, Airflow, warehouse design — and I've completed a couple of self-directed ML projects (Kaggle competitions, side projects fine-tuning small models). Interested in transitioning toward more AI/ML-focused work, ideally at a company where I can leverage my existing data-infra skills while learning modern ML practice.","['Spark' 'ASR' 'MLOps' 'Webpack' 'Apache Flink' 'Data Science' 'Agile'
 'Time Series' 'OpenCV' 'ETL' 'QLoRA' 'Reinforcement Learning' 'Milvus'
 'FastAPI' 'YOLO' 'Vector Search' 'Haystack' 'Six Sigma']",0.66005987
CAND_0040283,"Backend Engineer | SQL, Spark, Cloud","Software / data professional with 6.5 years of experience building data pipelines, backend systems, and analytics infrastructure. Most of my work has been data pipelines and analytics infrastructure; I've shipped a couple of small ML features but it's not the core of my day. My toolkit is solid on the data engineering side — Python, SQL, Spark, Airflow, warehouse design — and I've completed a couple of self-directed ML projects (Kaggle competitions, side projects fine-tuning small models). Interested in transitioning toward more AI/ML-focused work, ideally at a company where I can leverage my existing data-infra skills while learning modern ML practice.","['Next.js' 'TensorFlow' 'Information Retrieval' 'GCP' 'Computer Vision'
 'Flask' 'Apache Flink' 'MLOps' 'Weaviate' 'Weights & Biases' 'Sales'
 'Data Pipelines' 'Kubernetes' 'Azure']",0.6599689
CAND_0025446,"Backend Engineer | SQL, Spark, Cloud","Software / data professional with 4.1 years of experience building data pipelines, backend systems, and analytics infrastructure. Started my career in backend engineering and gradually moved closer to data — first dashboards, then ETL, now some basic ML. My toolkit is solid on the data engineering side — Python, SQL, Spark, Airflow, warehouse design — and I've completed a couple of self-directed ML projects (Kaggle competitions, side projects fine-tuning small models). Interested in transitioning toward more AI/ML-focused work, ideally at a company where I can leverage my existing data-infra skills while learning modern ML practice.","['Next.js' 'Agile' 'Data Science' 'Object Detection'
 'Statistical Modeling' 'Speech Recognition' 'Feature Engineering'
 'MLflow' 'Recommendation Systems' 'SAP' 'gRPC' 'GANs']",0.6598988
CAND_0090021,Cloud Engineer | Backend systems & APIs,"Software engineer with 9.2 years of experience across web, backend, and cloud systems. Strong fundamentals in software development and system design. I've spent most of my career on web and API development — Python/Django and Node.js mostly. I've been keeping up with AI/ML at a self-learner level — taken some online courses, played with the OpenAI and Anthropic APIs, built a small RAG side project — but I haven't done it in a professional capacity yet. Open to roles where I can either deepen my software engineering work or, if the team is open to it, start contributing to ML-adjacent systems.","['Embeddings' 'MongoDB' 'Next.js' 'Django' 'Tally' 'Spark' 'Databricks'
 'Illustrator' 'Redux' 'Java' 'Vue.js']",0.6597162
CAND_0056845,"Backend Engineer | SQL, Spark, Cloud","Software / data professional with 5.4 years of experience building data pipelines, backend systems, and analytics infrastructure. Most of my work has been data pipelines and analytics infrastructure; I've shipped a couple of small ML features but it's not the core of my day. My toolkit is solid on the data engineering side — Python, SQL, Spark, Airflow, warehouse design — and I've completed a couple of self-directed ML projects (Kaggle competitions, side projects fine-tuning small models). Interested in transitioning toward more AI/ML-focused work, ideally at a company where I can leverage my existing data-infra skills while learning modern ML practice.","['Semantic Search' 'Kubernetes' 'Statistical Modeling' 'Kubeflow' 'Excel'
 'MLOps' 'Scrum' 'Webpack' 'Forecasting' 'Milvus' 'MLflow'
 'Recommendation Systems' 'PyTorch' 'Rust' 'BentoML' 'Redux']",0.65971285
CAND_0021938,"Backend Engineer | SQL, Spark, Cloud","Software / data professional with 3.0 years of experience building data pipelines, backend systems, and analytics infrastructure. Started my career in backend engineering and gradually moved closer to data — first dashboards, then ETL, now some basic ML. My toolkit is solid on the data engineering side — Python, SQL, Spark, Airflow, warehouse design — and I've completed a couple of self-directed ML projects (Kaggle competitions, side projects fine-tuning small models). Interested in transitioning toward more AI/ML-focused work, ideally at a company where I can leverage my existing data-infra skills while learning modern ML practice.","['Learning to Rank' 'Data Pipelines' 'Diffusion Models' 'LLMs' 'MLflow'
 'Time Series' 'Apache Flink' 'SQL' 'YOLO' 'Statistical Modeling']",0.65950835
CAND_0005246,"Backend Engineer | SQL, Spark, Cloud","Software / data professional with 2.7 years of experience building data pipelines, backend systems, and analytics infrastructure. I've been the engineer who makes ML possible by getting the data pipelines right; now I want to do more of the ML itself. My toolkit is solid on the data engineering side — Python, SQL, Spark, Airflow, warehouse design — and I've completed a couple of self-directed ML projects (Kaggle competitions, side projects fine-tuning small models). Interested in transitioning toward more AI/ML-focused work, ideally at a company where I can leverage my existing data-infra skills while learning modern ML practice.","['Flask' 'Tally' 'Diffusion Models' 'Image Classification' 'FastAPI' 'RAG'
 'Object Detection' 'Milvus' 'ETL' 'Microservices' 'MLflow' 'TTS'
 'LangChain' 'Kubeflow' 'Statistical Modeling']",0.6595018
CAND_0052843,"Senior Data Engineer | SQL, Spark, Cloud","Software / data professional with 3.7 years of experience building data pipelines, backend systems, and analytics infrastructure. Started my career in backend engineering and gradually moved closer to data — first dashboards, then ETL, now some basic ML. My toolkit is solid on the data engineering side — Python, SQL, Spark, Airflow, warehouse design — and I've completed a couple of self-directed ML projects (Kaggle competitions, side projects fine-tuning small models). Interested in transitioning toward more AI/ML-focused work, ideally at a company where I can leverage my existing data-infra skills while learning modern ML practice.","['Spark' 'ASR' 'Airflow' 'BentoML' 'Speech Recognition' 'LoRA' 'Milvus'
 'Feature Engineering' 'REST APIs' 'Project Management' 'GANs' 'AWS'
 'MLOps' 'Kafka' 'MongoDB']",0.65949905
CAND_0072917,"Backend Engineer | SQL, Spark, Cloud","Software / data professional with 7.7 years of experience building data pipelines, backend systems, and analytics infrastructure. I'm a backend/data hybrid — Spark, Airflow, SQL warehouses are home territory; I'm building competence on the ML side. My toolkit is solid on the data engineering side — Python, SQL, Spark, Airflow, warehouse design — and I've completed a couple of self-directed ML projects (Kaggle competitions, side projects fine-tuning small models). Interested in transitioning toward more AI/ML-focused work, ideally at a company where I can leverage my existing data-infra skills while learning modern ML practice.","['Kafka' 'Airflow' 'Semantic Search' 'Machine Learning' 'Six Sigma'
 'Apache Beam' 'Rust' 'CSS' 'SQL' 'Kubeflow' 'Deep Learning'
 'Diffusion Models' 'Weaviate' 'Computer Vision' 'HTML' 'MLflow']",0.6594788
CAND_0032431,"Backend Engineer | SQL, Spark, Cloud","Software / data professional with 2.9 years of experience building data pipelines, backend systems, and analytics infrastructure. I'm a backend/data hybrid — Spark, Airflow, SQL warehouses are home territory; I'm building competence on the ML side. My toolkit is solid on the data engineering side — Python, SQL, Spark, Airflow, warehouse design — and I've completed a couple of self-directed ML projects (Kaggle competitions, side projects fine-tuning small models). Interested in transitioning toward more AI/ML-focused work, ideally at a company where I can leverage my existing data-infra skills while learning modern ML practice.","['Hadoop' 'pgvector' 'Content Writing' 'MLOps' 'Computer Vision' 'Java'
 'CSS' 'Go' 'Django' 'Deep Learning' 'Vector Search'
 'Image Classification']",0.6594453
CAND_0072685,"Backend Engineer | SQL, Spark, Cloud","Software / data professional with 5.7 years of experience building data pipelines, backend systems, and analytics infrastructure. Started my career in backend engineering and gradually moved closer to data — first dashboards, then ETL, now some basic ML. My toolkit is solid on the data engineering side — Python, SQL, Spark, Airflow, warehouse design — and I've completed a couple of self-directed ML projects (Kaggle competitions, side projects fine-tuning small models). Interested in transitioning toward more AI/ML-focused work, ideally at a company where I can leverage my existing data-infra skills while learning modern ML practice.","['Tailwind' 'Content Writing' 'ETL' 'BentoML' 'ASR' 'Terraform' 'SQL'
 'Statistical Modeling' 'Tally' 'Recommendation Systems' 'Six Sigma'
 'Node.js']",0.65915775
CAND_0074262,Backend Engineer | Data pipelines & analytics,"Software / data professional with 7.0 years of experience building data pipelines, backend systems, and analytics infrastructure. I'm a backend/data hybrid — Spark, Airflow, SQL warehouses are home territory; I'm building competence on the ML side. My toolkit is solid on the data engineering side — Python, SQL, Spark, Airflow, warehouse design — and I've completed a couple of self-directed ML projects (Kaggle competitions, side projects fine-tuning small models). Interested in transitioning toward more AI/ML-focused work, ideally at a company where I can leverage my existing data-infra skills while learning modern ML practice.","['PyTorch' 'REST APIs' 'Time Series' 'Fine-tuning LLMs' 'TTS' 'React'
 'Feature Engineering' 'AWS' 'PEFT' 'Image Classification' 'CNN' 'Hadoop'
 'Figma' 'Prompt Engineering' 'MongoDB']",0.6591385
CAND_0012923,Cloud Engineer | Backend systems & APIs,"Software engineer with 6.1 years of experience across web, backend, and cloud systems. Strong fundamentals in software development and system design. I've spent most of my career on web and API development — Python/Django and Node.js mostly. I've been keeping up with AI/ML at a self-learner level — taken some online courses, played with the OpenAI and Anthropic APIs, built a small RAG side project — but I haven't done it in a professional capacity yet. Open to roles where I can either deepen my software engineering work or, if the team is open to it, start contributing to ML-adjacent systems.","['SEO' 'Django' 'GCP' 'PowerPoint' 'TTS' 'Photoshop' 'Computer Vision'
 'AWS' 'dbt' 'Pinecone' 'Airflow' 'Next.js' 'TypeScript' 'REST APIs'
 'Elasticsearch']",0.65862006
CAND_0024895,"Backend Engineer | SQL, Spark, Cloud","Software / data professional with 4.4 years of experience building data pipelines, backend systems, and analytics infrastructure. I've been the engineer who makes ML possible by getting the data pipelines right; now I want to do more of the ML itself. My toolkit is solid on the data engineering side — Python, SQL, Spark, Airflow, warehouse design — and I've completed a couple of self-directed ML projects (Kaggle competitions, side projects fine-tuning small models). Interested in transitioning toward more AI/ML-focused work, ideally at a company where I can leverage my existing data-infra skills while learning modern ML practice.","['SEO' 'Forecasting' 'LangChain' 'Kubernetes' 'CNN' 'TensorFlow'
 'Diffusion Models' 'React' 'Information Retrieval' 'MLflow' 'Marketing'
 'Next.js' 'QLoRA' 'Hadoop' 'Computer Vision' 'TTS' 'REST APIs' 'GCP']",0.65856445
CAND_0002474,Cloud Engineer | Backend systems & APIs,"Software engineer with 9.6 years of experience across web, backend, and cloud systems. Strong fundamentals in software development and system design. My background is full-stack, but my comfort zone is the backend and the database. I've been keeping up with AI/ML at a self-learner level — taken some online courses, played with the OpenAI and Anthropic APIs, built a small RAG side project — but I haven't done it in a professional capacity yet. Open to roles where I can either deepen my software engineering work or, if the team is open to it, start contributing to ML-adjacent systems.","['Haystack' 'REST APIs' 'Python' 'Forecasting' 'Salesforce CRM'
 'Weights & Biases' 'Java' 'Hadoop' 'Databricks' 'AWS' 'Kafka' 'GraphQL']",0.6583527
